year,days_reported,mean_aqi,unhealthy_days,good_share,top_pollutant
1980,365,64.4,65,0.562,Ozone
1981,365,70.5,68,0.468,Ozone
1982,365,64.6,58,0.556,Ozone
1983,365,68.4,75,0.526,Ozone
1984,366,68.6,78,0.5,Ozone
1985,365,67.4,69,0.512,Ozone
1986,365,64.9,59,0.526,Ozone
1987,365,63.9,66,0.553,Ozone
1988,366,68.8,70,0.484,Ozone
1989,365,56.5,37,0.611,Ozone
1990,365,56.3,46,0.679,Ozone
1991,365,52.6,30,0.69,Ozone
1992,366,52.1,27,0.686,Ozone
1993,365,47.8,25,0.775,Ozone
1994,365,51.7,33,0.682,Ozone
1995,365,60.1,48,0.627,Ozone
1996,366,55.8,34,0.637,Ozone
1997,365,55.5,46,0.649,Ozone
1998,365,60.0,59,0.619,Ozone
1999,365,68.6,50,0.34,Ozone
2000,366,70.6,49,0.183,PM2.5
2001,365,66.8,34,0.184,PM2.5
2002,365,66.8,41,0.227,PM2.5
2003,365,69.8,46,0.208,PM2.5
2004,366,64.2,38,0.284,PM2.5
2005,365,72.1,70,0.238,PM2.5
2006,365,64.8,43,0.301,PM2.5
2007,365,58.1,14,0.315,PM2.5
2008,366,58.5,19,0.333,PM2.5
2009,365,58.6,23,0.34,PM2.5
2010,365,56.0,15,0.37,PM2.5
2011,365,63.1,27,0.312,PM2.5
2012,366,62.5,27,0.265,PM2.5
2013,365,62.0,21,0.219,PM2.5
2014,365,54.2,4,0.397,PM2.5
2015,365,53.2,10,0.463,PM2.5
2016,366,50.1,3,0.514,PM2.5
2017,365,53.2,7,0.441,PM2.5
2018,365,54.1,19,0.468,PM2.5
2019,365,53.4,6,0.427,PM2.5
2020,366,48.6,6,0.596,PM2.5
2021,365,49.9,10,0.575,Ozone
2022,365,54.2,17,0.449,PM2.5
2023,365,60.0,27,0.334,PM2.5
2024,366,59.2,19,0.352,PM2.5
2025,365,55.3,11,0.405,PM2.5
